Participant._id_in_session,Participant.code,Participant.label,Participant._current_page,Participant._current_app_name,Participant._round_number,Participant._current_page_name,Participant.status,Participant.ip_address,Participant.time_started,Participant.exclude_from_data_analysis,Participant.name,Participant.visited,Participant.mturk_worker_id,Participant.mturk_assignment_id,Player.id_in_group,Player.role,Player.id,Player.payoff,Player.question_1,Player.question_2,Group.id,Subsession.id,Subsession.round_number,Session.code,Session.label,Session.experimenter_name,Session.real_world_currency_per_point,Session.time_scheduled,Session.time_started,Session.mturk_HITId,Session.mturk_HITGroupId,Session.participation_fee,Session.comment,Session.is_demo,Session.use_cli_bots
P4,40fnlxfi,,121/121 pages,MLG_survey,1,Payment_info,Playing,10.43.191.99,2016-08-09 19:10:44.601777+00:00,0,18,1,,,4,,4,,6.5,7.2,1,1,1,uopnajrp,,,200.00000,,,,,5000.00,,1,
P12,p7w5tvwx,,121/121 pages,MLG_survey,1,Payment_info,Playing,10.165.96.2,2016-08-09 19:14:35.804216+00:00,0,26,1,,,12,,12,,6.5,7.2,1,1,1,uopnajrp,,,200.00000,,,,,5000.00,,1,
P6,n1vlnuiu,,121/121 pages,MLG_survey,1,Payment_info,Playing,10.30.17.197,2016-08-09 19:12:01.040159+00:00,0,20,1,,,6,,6,,6.5,7.2,1,1,1,uopnajrp,,,200.00000,,,,,5000.00,,1,
P2,u822nmmr,,121/121 pages,MLG_survey,1,Payment_info,Playing,10.165.96.2,2016-08-09 19:09:09.440803+00:00,0,16,1,,,2,,2,,6.5,7.2,1,1,1,uopnajrp,,,200.00000,,,,,5000.00,,1,
P3,4m9put4m,,121/121 pages,MLG_survey,1,Payment_info,Playing,10.102.236.103,2016-08-23 20:42:21.082267+00:00,0,129,1,,,3,,43,,6.5,7.2,3,3,1,gpvxa2h2,,,200.00000,,,,,5000.00,,1,
P18,8tnm590n,,121/121 pages,MLG_survey,1,Payment_info,Playing,10.102.236.103,2016-08-23 20:41:55.997256+00:00,0,144,1,,,18,,58,,6.5,7.2,3,3,1,gpvxa2h2,,,200.00000,,,,,5000.00,,1,
P9,vz4iabpn,,121/121 pages,MLG_survey,1,Payment_info,Playing,10.69.223.235,2016-08-23 20:43:40.062231+00:00,0,135,1,,,9,,49,,6.5,7.2,3,3,1,gpvxa2h2,,,200.00000,,,,,5000.00,,1,
P7,hrkdfdrf,,121/121 pages,MLG_survey,1,Payment_info,Playing,10.7.144.239,2016-08-23 20:43:04.257365+00:00,0,133,1,,,7,,47,,6.5,7.2,3,3,1,gpvxa2h2,,,200.00000,,,,,5000.00,,1,
P4,ew6ke4d5,,121/121 pages,MLG_survey,1,Payment_info,Playing,10.180.37.142,2016-08-23 20:42:31.475425+00:00,0,130,1,,,4,,44,,6.5,7.2,3,3,1,gpvxa2h2,,,200.00000,,,,,5000.00,,1,
P8,mk1m96vd,,121/121 pages,MLG_survey,1,Payment_info,Playing,10.141.33.163,2016-08-23 20:43:20.742936+00:00,0,134,1,,,8,,48,,6.5,7.2,3,3,1,gpvxa2h2,,,200.00000,,,,,5000.00,,1,
P1,uy1dwuyf,,121/121 pages,MLG_survey,1,Payment_info,Playing,10.63.230.27,2016-08-23 20:41:52.960077+00:00,0,127,1,,,1,,41,,6.5,7.2,3,3,1,gpvxa2h2,,,200.00000,,,,,5000.00,,1,
P11,fj0yn4t1,,121/121 pages,MLG_survey,1,Payment_info,Playing,10.7.144.239,2016-08-23 20:40:26.468971+00:00,0,137,1,,,11,,51,,6.5,7.2,3,3,1,gpvxa2h2,,,200.00000,,,,,5000.00,,1,
P5,j7jc2tzb,,121/121 pages,MLG_survey,1,Payment_info,Playing,10.102.236.103,2016-08-23 20:42:40.521625+00:00,0,131,1,,,5,,45,,6.5,7.2,3,3,1,gpvxa2h2,,,200.00000,,,,,5000.00,,1,
P17,2iriluop,,121/121 pages,MLG_survey,1,Payment_info,Playing,10.111.206.121,2016-08-23 20:42:21.492861+00:00,0,143,1,,,17,,57,,6.5,7.2,3,3,1,gpvxa2h2,,,200.00000,,,,,5000.00,,1,
P12,d1587s7v,,121/121 pages,MLG_survey,1,Payment_info,Playing,10.111.206.121,2016-08-23 20:45:05.646365+00:00,0,138,1,,,12,,52,,4.0,6.5,3,3,1,gpvxa2h2,,,200.00000,,,,,5000.00,,1,
P13,b5bqirr4,,121/121 pages,MLG_survey,1,Payment_info,Playing,10.102.236.103,2016-08-23 20:44:41.986182+00:00,0,139,1,,,13,,53,,6.5,7.2,3,3,1,gpvxa2h2,,,200.00000,,,,,5000.00,,1,
P14,x6hjqwpu,,121/121 pages,MLG_survey,1,Payment_info,Playing,10.97.206.141,2016-08-23 20:44:05.709212+00:00,0,140,1,,,14,,54,,6.5,7.2,3,3,1,gpvxa2h2,,,200.00000,,,,,5000.00,,1,
P2,lfwjsi0p,,121/121 pages,MLG_survey,1,Payment_info,Playing,10.63.177.68,2016-08-23 20:42:01.887840+00:00,0,128,1,,,2,,42,,6.5,12.0,3,3,1,gpvxa2h2,,,200.00000,,,,,5000.00,,1,
P20,q8z2u78y,,121/121 pages,MLG_survey,1,Payment_info,Playing,10.152.55.197,2016-08-09 19:14:57.038397+00:00,0,34,1,,,20,,20,,6.5,7.2,1,1,1,uopnajrp,,,200.00000,,,,,5000.00,,1,
P16,1fhot1y2,,121/121 pages,MLG_survey,1,Payment_info,Playing,10.111.206.121,2016-08-09 19:15:51.009761+00:00,0,30,1,,,16,,16,,6.5,4.0,1,1,1,uopnajrp,,,200.00000,,,,,5000.00,,1,
P15,byiczgs6,,121/121 pages,MLG_survey,1,Payment_info,Playing,10.187.91.49,2016-08-09 19:16:08.751210+00:00,0,29,1,,,15,,15,,6.5,7.2,1,1,1,uopnajrp,,,200.00000,,,,,5000.00,,1,
P19,uxytcixx,,121/121 pages,MLG_survey,1,Payment_info,Playing,10.69.216.189,2016-08-09 19:15:07.581414+00:00,0,33,1,,,19,,19,,6.5,7.2,1,1,1,uopnajrp,,,200.00000,,,,,5000.00,,1,
P18,cfvhcbqs,,121/121 pages,MLG_survey,1,Payment_info,Playing,10.61.152.141,2016-08-09 19:15:17.468650+00:00,0,32,1,,,18,,18,,6.5,1.0,1,1,1,uopnajrp,,,200.00000,,,,,5000.00,,1,
P11,nwovfl10,,121/121 pages,MLG_survey,1,Payment_info,Playing,10.236.24.103,2016-08-09 19:14:11.443016+00:00,0,25,1,,,11,,11,,6.5,7.2,1,1,1,uopnajrp,,,200.00000,,,,,5000.00,,1,
P14,pak8rqgt,,121/121 pages,MLG_survey,1,Payment_info,Playing,10.43.211.163,2016-08-09 19:16:30.402393+00:00,0,28,1,,,14,,14,,6.5,7.2,1,1,1,uopnajrp,,,200.00000,,,,,5000.00,,1,
P3,pchuulj8,,121/121 pages,MLG_survey,1,Payment_info,Playing,10.63.227.88,2016-08-09 19:09:46.149641+00:00,0,17,1,,,3,,3,,6.5,7.2,1,1,1,uopnajrp,,,200.00000,,,,,5000.00,,1,
P5,bx6etp6t,,121/121 pages,MLG_survey,1,Payment_info,Playing,10.178.85.58,2016-08-09 19:11:27.045707+00:00,0,19,1,,,5,,5,,6.5,7.2,1,1,1,uopnajrp,,,200.00000,,,,,5000.00,,1,
P8,l9chuk3h,,121/121 pages,MLG_survey,1,Payment_info,Playing,10.237.244.41,2016-08-09 19:12:51.335767+00:00,0,22,1,,,8,,8,,4.0,6.5,1,1,1,uopnajrp,,,200.00000,,,,,5000.00,,1,
P1,6fi813ri,,121/121 pages,MLG_survey,1,Payment_info,Playing,10.148.0.210,2016-08-09 19:08:06.012539+00:00,0,15,1,,,1,,1,,6.5,12.0,1,1,1,uopnajrp,,,200.00000,,,,,5000.00,,1,
P10,k817s3qe,,121/121 pages,MLG_survey,1,Payment_info,Playing,10.142.28.175,2016-08-09 19:13:42.400206+00:00,0,24,1,,,10,,10,,6.5,6.5,1,1,1,uopnajrp,,,200.00000,,,,,5000.00,,1,
P17,lmwbwm9r,,121/121 pages,MLG_survey,1,Payment_info,Playing,10.63.227.88,2016-08-09 19:15:27.456846+00:00,0,31,1,,,17,,17,,4.0,6.5,1,1,1,uopnajrp,,,200.00000,,,,,5000.00,,1,
P7,ux9ny0bn,,121/121 pages,MLG_survey,1,Payment_info,Playing,10.69.216.189,2016-08-09 19:13:01.422414+00:00,0,21,1,,,7,,7,,6.5,6.5,1,1,1,uopnajrp,,,200.00000,,,,,5000.00,,1,
P13,dj3geo8v,,121/121 pages,MLG_survey,1,Payment_info,Playing,10.13.198.97,2016-08-09 19:21:40.050152+00:00,0,27,1,,,13,,13,,6.5,7.2,1,1,1,uopnajrp,,,200.00000,,,,,5000.00,,1,
P9,1p4mbvk0,,121/121 pages,MLG_survey,1,Payment_info,Playing,10.149.116.169,2016-08-09 19:13:33.414855+00:00,0,23,1,,,9,,9,,6.5,7.2,1,1,1,uopnajrp,,,200.00000,,,,,5000.00,,1,
P12,de415sya,,121/121 pages,MLG_survey,1,Payment_info,Playing,10.13.220.50,2016-08-16 22:16:53.590970+00:00,0,70,1,,,12,,32,,6.5,7.2,2,2,1,bvnew5m2,,,200.00000,,,,,5000.00,,1,
P3,zbhrt3yc,,121/121 pages,MLG_survey,1,Payment_info,Playing,10.79.185.47,2016-08-16 22:20:33.288391+00:00,0,61,1,,,3,,23,,6.5,7.2,2,2,1,bvnew5m2,,,200.00000,,,,,5000.00,,1,
P13,jtg3crtq,,121/121 pages,MLG_survey,1,Payment_info,Playing,10.111.201.32,2016-08-16 22:15:39.902576+00:00,0,71,1,,,13,,33,,4.0,6.5,2,2,1,bvnew5m2,,,200.00000,,,,,5000.00,,1,
P9,6mcqmn3a,,121/121 pages,MLG_survey,1,Payment_info,Playing,10.146.193.23,2016-08-16 22:17:59.042577+00:00,0,67,1,,,9,,29,,6.5,7.2,2,2,1,bvnew5m2,,,200.00000,,,,,5000.00,,1,
P11,crz4fq8h,,121/121 pages,MLG_survey,1,Payment_info,Playing,10.237.244.41,2016-08-16 22:17:03.787727+00:00,0,69,1,,,11,,31,,6.5,7.2,2,2,1,bvnew5m2,,,200.00000,,,,,5000.00,,1,
P16,mitz5qa2,,121/121 pages,MLG_survey,1,Payment_info,Playing,10.30.50.142,2016-08-16 22:13:55.815439+00:00,0,74,1,,,16,,36,,6.5,7.2,2,2,1,bvnew5m2,,,200.00000,,,,,5000.00,,1,
P14,46dd8ux0,,121/121 pages,MLG_survey,1,Payment_info,Playing,10.43.152.216,2016-08-16 22:15:08.578762+00:00,0,72,1,,,14,,34,,6.5,7.2,2,2,1,bvnew5m2,,,200.00000,,,,,5000.00,,1,
P1,u67r9rh9,,121/121 pages,MLG_survey,1,Payment_info,Playing,10.13.220.50,2016-08-16 22:21:25.226804+00:00,0,59,1,,,1,,21,,6.5,7.2,2,2,1,bvnew5m2,,,200.00000,,,,,5000.00,,1,
P8,04i0e3tc,,121/121 pages,MLG_survey,1,Payment_info,Playing,10.164.188.200,2016-08-16 22:18:28.801257+00:00,0,66,1,,,8,,28,,6.5,7.2,2,2,1,bvnew5m2,,,200.00000,,,,,5000.00,,1,
P4,gp60ys17,,121/121 pages,MLG_survey,1,Payment_info,Playing,10.30.50.142,2016-08-16 22:20:04.611630+00:00,0,62,1,,,4,,24,,6.5,7.2,2,2,1,bvnew5m2,,,200.00000,,,,,5000.00,,1,
P7,lnxg8m7n,,121/121 pages,MLG_survey,1,Payment_info,Playing,10.180.37.142,2016-08-16 22:18:56.456619+00:00,0,65,1,,,7,,27,,6.5,12.0,2,2,1,bvnew5m2,,,200.00000,,,,,5000.00,,1,
P19,06uknenq,,121/121 pages,MLG_survey,1,Payment_info,Playing,10.168.185.139,2016-08-16 22:12:34.691839+00:00,0,77,1,,,19,,39,,6.5,7.2,2,2,1,bvnew5m2,,,200.00000,,,,,5000.00,,1,
P18,2q7k3g9x,,121/121 pages,MLG_survey,1,Payment_info,Playing,10.30.17.197,2016-08-16 22:12:58.017202+00:00,0,76,1,,,18,,38,,6.5,7.2,2,2,1,bvnew5m2,,,200.00000,,,,,5000.00,,1,
P6,n12v9g09,,121/121 pages,MLG_survey,1,Payment_info,Playing,10.65.61.198,2016-08-16 22:19:20.647703+00:00,0,64,1,,,6,,26,,6.5,7.2,2,2,1,bvnew5m2,,,200.00000,,,,,5000.00,,1,
P15,ybhs2ly6,,121/121 pages,MLG_survey,1,Payment_info,Playing,10.69.216.189,2016-08-16 22:14:30.468073+00:00,0,73,1,,,15,,35,,6.5,7.2,2,2,1,bvnew5m2,,,200.00000,,,,,5000.00,,1,
P20,o8kuwvob,,121/121 pages,MLG_survey,1,Payment_info,Playing,10.81.228.101,2016-08-16 22:12:10.045511+00:00,0,78,1,,,20,,40,,6.5,7.2,2,2,1,bvnew5m2,,,200.00000,,,,,5000.00,,1,
P2,037yer7b,,121/121 pages,MLG_survey,1,Payment_info,Playing,10.158.172.100,2016-08-16 22:21:00.068518+00:00,0,60,1,,,2,,22,,6.5,7.2,2,2,1,bvnew5m2,,,200.00000,,,,,5000.00,,1,
P17,qkte6tvp,,121/121 pages,MLG_survey,1,Payment_info,Playing,10.164.188.200,2016-08-16 22:13:24.402613+00:00,0,75,1,,,17,,37,,7.2,6.5,2,2,1,bvnew5m2,,,200.00000,,,,,5000.00,,1,
P10,zsd957pj,,121/121 pages,MLG_survey,1,Payment_info,Playing,10.165.96.2,2016-08-16 22:17:29.922747+00:00,0,68,1,,,10,,30,,6.5,7.2,2,2,1,bvnew5m2,,,200.00000,,,,,5000.00,,1,
P5,hpex9zmb,,121/121 pages,MLG_survey,1,Payment_info,Playing,10.69.216.189,2016-08-16 22:19:42.897996+00:00,0,63,1,,,5,,25,,6.5,7.2,2,2,1,bvnew5m2,,,200.00000,,,,,5000.00,,1,
P6,ta6w1s09,,121/121 pages,MLG_survey,1,Payment_info,Playing,10.187.91.49,2016-08-23 20:42:54.060324+00:00,0,132,1,,,6,,46,,6.5,7.2,3,3,1,gpvxa2h2,,,200.00000,,,,,5000.00,,1,
P19,w20ilvh2,,121/121 pages,MLG_survey,1,Payment_info,Playing,10.43.191.99,2016-08-23 20:41:31.600852+00:00,0,145,1,,,19,,59,,6.5,7.2,3,3,1,gpvxa2h2,,,200.00000,,,,,5000.00,,1,
P15,rkt6xp5j,,121/121 pages,MLG_survey,1,Payment_info,Playing,10.79.185.47,2016-08-23 20:43:30.182342+00:00,0,141,1,,,15,,55,,6.5,12.0,3,3,1,gpvxa2h2,,,200.00000,,,,,5000.00,,1,
P16,dgk8ziez,,121/121 pages,MLG_survey,1,Payment_info,Playing,10.61.152.141,2016-08-23 20:42:47.144547+00:00,0,142,1,,,16,,56,,6.5,7.2,3,3,1,gpvxa2h2,,,200.00000,,,,,5000.00,,1,
P20,qhet3425,,121/121 pages,MLG_survey,1,Payment_info,Playing,10.63.227.88,2016-08-23 20:41:03.411213+00:00,0,146,1,,,20,,60,,6.5,7.2,3,3,1,gpvxa2h2,,,200.00000,,,,,5000.00,,1,
P10,3ln6dpky,,121/121 pages,MLG_survey,1,Payment_info,Playing,10.152.55.197,2016-08-23 20:43:50.738662+00:00,0,136,1,,,10,,50,,6.5,7.2,3,3,1,gpvxa2h2,,,200.00000,,,,,5000.00,,1,
